{
  "val_loss": 1.573455299139023,
  "acc_product": 0.68,
  "acc_quantity": 0.71,
  "f1_product": 0.676456043956044,
  "f1_quantity": 0.7035880135454604
}