{
  "val_loss": 2.2649662017822267,
  "acc_product": 0.59,
  "acc_quantity": 0.64,
  "f1_product": 0.5971021827143109,
  "f1_quantity": 0.6439668312440735
}